state,district,crop,year,season,area,production,yield
HARYANA,AMBALA,Wheat,1998-99,Rabi,74688.0,248000.0,3.3204798629
HARYANA,BHIWANI,Wheat,1998-99,Rabi,104200.0,370000.0,3.55086372361
HARYANA,FARIDABAD,Wheat,1998-99,Rabi,128881.0,459000.0,3.56142488032
HARYANA,FATEHABAD,Wheat,1998-99,Rabi,164506.0,683000.0,4.15182424957
HARYANA,GURGAON,Wheat,1998-99,Rabi,128935.0,414000.0,3.21092023112
HARYANA,HISSAR,Wheat,1998-99,Rabi,170265.0,676000.0,3.97028161983
HARYANA,JHAJJAR,Wheat,1998-99,Rabi,98100.0,356000.0,3.62895005097
HARYANA,JIND,Wheat,1998-99,Rabi,180895.0,734000.0,4.05760247657
HARYANA,KAITHAL,Wheat,1998-99,Rabi,159386.0,664000.0,4.16598697502
HARYANA,KARNAL,Wheat,1998-99,Rabi,160080.0,661000.0,4.1291854073
HARYANA,KURKSHETRA,Wheat,1998-99,Rabi,106081.0,453000.0,4.27032173528
HARYANA,MAHENDRA GARH,Wheat,1998-99,Rabi,45074.0,186000.0,4.1265474553
HARYANA,PANCHKULA,Wheat,1998-99,Rabi,17650.0,43000.0,2.43626062323
HARYANA,PANIPAT,Wheat,1998-99,Rabi,81821.0,326000.0,3.9843072072
HARYANA,REWARI,Wheat,1998-99,Rabi,51579.0,203000.0,3.93571026968
HARYANA,ROHTAK,Wheat,1998-99,Rabi,86345.0,327000.0,3.78713301291
HARYANA,SIRSA,Wheat,1998-99,Rabi,230588.0,981000.0,4.25434107586
HARYANA,SONEPAT,Wheat,1998-99,Rabi,133185.0,491000.0,3.686601344
HARYANA,YAMUNA NAGAR,Wheat,1998-99,Rabi,63403.0,252000.0,3.97457533555
HARYANA,AMBALA,Wheat,1999-00,Rabi,78420.0,325000.0,4.14435093088
HARYANA,BHIWANI,Wheat,1999-00,Rabi,140422.0,465000.0,3.31144692427
HARYANA,FARIDABAD,Wheat,1999-00,Rabi,130923.0,545000.0,4.16275215203
HARYANA,FATEHABAD,Wheat,1999-00,Rabi,166991.0,745000.0,4.46131827464
HARYANA,GURGAON,Wheat,1999-00,Rabi,129579.0,486000.0,3.75060773736
HARYANA,HISSAR,Wheat,1999-00,Rabi,192301.0,854000.0,4.44095454522
HARYANA,JHAJJAR,Wheat,1999-00,Rabi,103392.0,377000.0,3.64631692974
HARYANA,JIND,Wheat,1999-00,Rabi,203157.0,860000.0,4.2331792653
HARYANA,KAITHAL,Wheat,1999-00,Rabi,174868.0,768000.0,4.39188416406
HARYANA,KARNAL,Wheat,1999-00,Rabi,162723.0,716000.0,4.40011553376
HARYANA,KURKSHETRA,Wheat,1999-00,Rabi,106294.0,485000.0,4.56281633959
HARYANA,MAHENDRA GARH,Wheat,1999-00,Rabi,48458.0,199000.0,4.10664905692
HARYANA,PANCHKULA,Wheat,1999-00,Rabi,16659.0,41000.0,2.46113212078
HARYANA,PANIPAT,Wheat,1999-00,Rabi,81924.0,356000.0,4.34549094283
HARYANA,REWARI,Wheat,1999-00,Rabi,53873.0,216000.0,4.00942958439
HARYANA,ROHTAK,Wheat,1999-00,Rabi,92025.0,363000.0,3.9445802771
HARYANA,SIRSA,Wheat,1999-00,Rabi,235592.0,1011000.0,4.29131719243
HARYANA,SONEPAT,Wheat,1999-00,Rabi,135699.0,577000.0,4.25205786336
HARYANA,YAMUNA NAGAR,Wheat,1999-00,Rabi,63231.0,261000.0,4.1277221616
HARYANA,AMBALA,Wheat,2000-01,Rabi,79060.0,275000.0,3.47837085758
HARYANA,BHIWANI,Wheat,2000-01,Rabi,144036.0,474000.0,3.29084395568
HARYANA,FARIDABAD,Wheat,2000-01,Rabi,133898.0,539000.0,4.02545220989
HARYANA,FATEHABAD,Wheat,2000-01,Rabi,173546.0,757000.0,4.36195590794
HARYANA,GURGAON,Wheat,2000-01,Rabi,136504.0,481000.0,3.52370626502
HARYANA,HISSAR,Wheat,2000-01,Rabi,206996.0,887000.0,4.28510695859
HARYANA,JHAJJAR,Wheat,2000-01,Rabi,105106.0,402000.0,3.82471029247
HARYANA,JIND,Wheat,2000-01,Rabi,206513.0,891000.0,4.31449836088
HARYANA,KAITHAL,Wheat,2000-01,Rabi,153454.0,688000.0,4.48342825863
HARYANA,KARNAL,Wheat,2000-01,Rabi,166505.0,769000.0,4.61847992553
HARYANA,KURKSHETRA,Wheat,2000-01,Rabi,108903.0,506000.0,4.64633664821
HARYANA,MAHENDRA GARH,Wheat,2000-01,Rabi,49133.0,182000.0,3.70423137199
HARYANA,PANCHKULA,Wheat,2000-01,Rabi,16526.0,44000.0,2.66247125741
HARYANA,PANIPAT,Wheat,2000-01,Rabi,82626.0,391000.0,4.73216663036
HARYANA,REWARI,Wheat,2000-01,Rabi,54781.0,228000.0,4.16202698016
HARYANA,ROHTAK,Wheat,2000-01,Rabi,91678.0,352000.0,3.83952529505
HARYANA,SIRSA,Wheat,2000-01,Rabi,244268.0,1015000.0,4.15527207821
HARYANA,SONEPAT,Wheat,2000-01,Rabi,139454.0,558000.0,4.0013194315
HARYANA,YAMUNA NAGAR,Wheat,2000-01,Rabi,61792.0,230000.0,3.72216468151
HARYANA,AMBALA,Wheat,2001-02,Rabi,80042.0,301000.0,3.76052572399
HARYANA,BHIWANI,Wheat,2001-02,Rabi,123367.0,406000.0,3.2909935396
HARYANA,FARIDABAD,Wheat,2001-02,Rabi,132332.0,520000.0,3.92951062479
HARYANA,FATEHABAD,Wheat,2001-02,Rabi,171860.0,731000.0,4.25346212033
HARYANA,GURGAON,Wheat,2001-02,Rabi,119914.0,417000.0,3.47749220275
HARYANA,HISSAR,Wheat,2001-02,Rabi,197445.0,824000.0,4.17331408747
HARYANA,JHAJJAR,Wheat,2001-02,Rabi,101209.0,396000.0,3.91269551127
HARYANA,JIND,Wheat,2001-02,Rabi,206820.0,877000.0,4.24040228218
HARYANA,KAITHAL,Wheat,2001-02,Rabi,168755.0,769000.0,4.55690201772
HARYANA,KARNAL,Wheat,2001-02,Rabi,162854.0,747000.0,4.58693062498
HARYANA,KURKSHETRA,Wheat,2001-02,Rabi,110370.0,491000.0,4.44867264655
HARYANA,MAHENDRA GARH,Wheat,2001-02,Rabi,41058.0,153000.0,3.72643577378
HARYANA,PANCHKULA,Wheat,2001-02,Rabi,16679.0,45000.0,2.69800347743
HARYANA,PANIPAT,Wheat,2001-02,Rabi,81743.0,357000.0,4.36734643945
HARYANA,REWARI,Wheat,2001-02,Rabi,51182.0,210000.0,4.10300496268
HARYANA,ROHTAK,Wheat,2001-02,Rabi,91826.0,353000.0,3.84422712522
HARYANA,SIRSA,Wheat,2001-02,Rabi,241659.0,1005000.0,4.1587526225
HARYANA,SONEPAT,Wheat,2001-02,Rabi,135857.0,594000.0,4.37224434516
HARYANA,YAMUNA NAGAR,Wheat,2001-02,Rabi,64904.0,241000.0,3.71317638358
HARYANA,AMBALA,Wheat,2002-03,Rabi,80637.0,287000.0,3.55916018701
HARYANA,BHIWANI,Wheat,2002-03,Rabi,127732.0,425000.0,3.32727899039
HARYANA,FARIDABAD,Wheat,2002-03,Rabi,128491.0,526000.0,4.09367193033
HARYANA,FATEHABAD,Wheat,2002-03,Rabi,172055.0,715000.0,4.15564790329
HARYANA,GURGAON,Wheat,2002-03,Rabi,116705.0,431000.0,3.69307227625
HARYANA,HISSAR,Wheat,2002-03,Rabi,194904.0,792000.0,4.06353897303
HARYANA,JHAJJAR,Wheat,2002-03,Rabi,93118.0,366000.0,3.93049678902
HARYANA,JIND,Wheat,2002-03,Rabi,203405.0,855000.0,4.20343649369
HARYANA,KAITHAL,Wheat,2002-03,Rabi,171411.0,752000.0,4.38711634609
HARYANA,KARNAL,Wheat,2002-03,Rabi,167483.0,729000.0,4.35268057057
HARYANA,KURKSHETRA,Wheat,2002-03,Rabi,108816.0,472000.0,4.33759741215
HARYANA,MAHENDRA GARH,Wheat,2002-03,Rabi,45594.0,182000.0,3.99175330087
HARYANA,PANCHKULA,Wheat,2002-03,Rabi,16551.0,44000.0,2.65844964051
HARYANA,PANIPAT,Wheat,2002-03,Rabi,81137.0,355000.0,4.37531582385
HARYANA,REWARI,Wheat,2002-03,Rabi,46344.0,180000.0,3.88399792853
HARYANA,ROHTAK,Wheat,2002-03,Rabi,88669.0,353000.0,3.98109824178
HARYANA,SIRSA,Wheat,2002-03,Rabi,228729.0,920000.0,4.02222717714
HARYANA,SONEPAT,Wheat,2002-03,Rabi,131383.0,569000.0,4.33084950108
HARYANA,YAMUNA NAGAR,Wheat,2002-03,Rabi,63976.0,235000.0,3.67325246968
HARYANA,AMBALA,Wheat,2003-04,Rabi,83658.0,273000.0,3.26328623682
HARYANA,BHIWANI,Wheat,2003-04,Rabi,130308.0,456000.0,3.49940141818
HARYANA,FARIDABAD,Wheat,2003-04,Rabi,131447.0,520000.0,3.95596704375
HARYANA,FATEHABAD,Wheat,2003-04,Rabi,164753.0,705000.0,4.27913300517
HARYANA,GURGAON,Wheat,2003-04,Rabi,125675.0,450000.0,3.58066441217
HARYANA,HISSAR,Wheat,2003-04,Rabi,199934.0,827000.0,4.13636500045
HARYANA,JHAJJAR,Wheat,2003-04,Rabi,92614.0,358000.0,3.86550629494
HARYANA,JIND,Wheat,2003-04,Rabi,206844.0,819000.0,3.95950571445
HARYANA,KAITHAL,Wheat,2003-04,Rabi,173565.0,722000.0,4.15982484948
HARYANA,KARNAL,Wheat,2003-04,Rabi,167222.0,691000.0,4.13223140496
HARYANA,KURKSHETRA,Wheat,2003-04,Rabi,112004.0,451000.0,4.02664190565
HARYANA,MAHENDRA GARH,Wheat,2003-04,Rabi,42954.0,170000.0,3.95772221446
HARYANA,PANCHKULA,Wheat,2003-04,Rabi,17362.0,44000.0,2.53427024536
HARYANA,PANIPAT,Wheat,2003-04,Rabi,81294.0,343000.0,4.21925357345
HARYANA,REWARI,Wheat,2003-04,Rabi,49404.0,197000.0,3.98753137398
HARYANA,ROHTAK,Wheat,2003-04,Rabi,88426.0,337000.0,3.8110962839
HARYANA,SIRSA,Wheat,2003-04,Rabi,243982.0,1005000.0,4.1191563312
HARYANA,SONEPAT,Wheat,2003-04,Rabi,132721.0,504000.0,3.79743974202
HARYANA,YAMUNA NAGAR,Wheat,2003-04,Rabi,71329.0,242000.0,3.39272946487
HARYANA,AMBALA,Wheat,2004-05,Rabi,82322.0,267000.0,3.24336143437
HARYANA,BHIWANI,Wheat,2004-05,Rabi,126605.0,415000.0,3.27791161487
HARYANA,FARIDABAD,Wheat,2004-05,Rabi,135774.0,526000.0,3.87408487634
HARYANA,FATEHABAD,Wheat,2004-05,Rabi,177201.0,727000.0,4.10268565076
HARYANA,GURGAON,Wheat,2004-05,Rabi,115478.0,407000.0,3.5244808535
HARYANA,HISSAR,Wheat,2004-05,Rabi,202436.0,841000.0,4.15439941512
HARYANA,JHAJJAR,Wheat,2004-05,Rabi,84057.0,302000.0,3.59280012373
HARYANA,JIND,Wheat,2004-05,Rabi,206902.0,859000.0,4.1517240046
HARYANA,KAITHAL,Wheat,2004-05,Rabi,174257.0,716000.0,4.10887367509
HARYANA,KARNAL,Wheat,2004-05,Rabi,170737.0,715000.0,4.18772732331
HARYANA,KURKSHETRA,Wheat,2004-05,Rabi,113851.0,463000.0,4.06671878157
HARYANA,MAHENDRA GARH,Wheat,2004-05,Rabi,40575.0,154000.0,3.79544054221
HARYANA,PANCHKULA,Wheat,2004-05,Rabi,17523.0,39000.0,2.22564629344
HARYANA,PANIPAT,Wheat,2004-05,Rabi,83827.0,362000.0,4.31841769358
HARYANA,REWARI,Wheat,2004-05,Rabi,44854.0,186000.0,4.14678735453
HARYANA,ROHTAK,Wheat,2004-05,Rabi,87386.0,320000.0,3.6619138077
HARYANA,SIRSA,Wheat,2004-05,Rabi,247920.0,970000.0,3.91255243627
HARYANA,SONEPAT,Wheat,2004-05,Rabi,132721.0,529000.0,3.98580480858
HARYANA,YAMUNA NAGAR,Wheat,2004-05,Rabi,72248.0,245000.0,3.39109733141
HARYANA,AMBALA,Wheat,2005-06,Rabi,83017.0,314000.0,3.78235783032
HARYANA,BHIWANI,Wheat,2005-06,Rabi,118627.0,39000.0,0.328761580416
HARYANA,FARIDABAD,Wheat,2005-06,Rabi,104549.0,383000.0,3.66335402539
HARYANA,FATEHABAD,Wheat,2005-06,Rabi,178771.0,729000.0,4.07784260311
HARYANA,GURGAON,Wheat,2005-06,Rabi,47637.0,168000.0,3.52667044524
HARYANA,HISSAR,Wheat,2005-06,Rabi,203205.0,752000.0,3.70069634113
HARYANA,JHAJJAR,Wheat,2005-06,Rabi,85059.0,315000.0,3.70331181886
HARYANA,JIND,Wheat,2005-06,Rabi,204623.0,820000.0,4.00736965053
HARYANA,KAITHAL,Wheat,2005-06,Rabi,172887.0,726000.0,4.19927467074
HARYANA,KARNAL,Wheat,2005-06,Rabi,172756.0,755000.0,4.3703257774
HARYANA,KURKSHETRA,Wheat,2005-06,Rabi,109187.0,499000.0,4.57014113402
HARYANA,MAHENDRA GARH,Wheat,2005-06,Rabi,38345.0,157000.0,4.09440605033
HARYANA,MEWAT,Wheat,2005-06,Rabi,89998.0,276000.0,3.06673481633
HARYANA,PANCHKULA,Wheat,2005-06,Rabi,16978.0,32000.0,1.88479208387
HARYANA,PANIPAT,Wheat,2005-06,Rabi,82947.0,365000.0,4.40040025558
HARYANA,REWARI,Wheat,2005-06,Rabi,41050.0,172000.0,4.19001218027
HARYANA,ROHTAK,Wheat,2005-06,Rabi,87898.0,303000.0,3.44717741018
HARYANA,SIRSA,Wheat,2005-06,Rabi,250835.0,861000.0,3.43253533199
HARYANA,SONEPAT,Wheat,2005-06,Rabi,142019.0,571000.0,4.02058879446
HARYANA,YAMUNA NAGAR,Wheat,2005-06,Rabi,72294.0,265000.0,3.66558773895
HARYANA,AMBALA,Wheat,2006-07,Rabi,81679.0,312000.0,3.81983129078
HARYANA,BHIWANI,Wheat,2006-07,Rabi,133153.0,527000.0,3.95785299618
HARYANA,FARIDABAD,Wheat,2006-07,Rabi,104820.0,389000.0,3.71112383133
HARYANA,FATEHABAD,Wheat,2006-07,Rabi,182508.0,843000.0,4.61897560655
HARYANA,GURGAON,Wheat,2006-07,Rabi,52464.0,206000.0,3.92650198231
HARYANA,HISSAR,Wheat,2006-07,Rabi,212007.0,931000.0,4.39136443608
HARYANA,JHAJJAR,Wheat,2006-07,Rabi,96315.0,376000.0,3.90385713544
HARYANA,JIND,Wheat,2006-07,Rabi,213270.0,897000.0,4.20593613729
HARYANA,KAITHAL,Wheat,2006-07,Rabi,171678.0,752000.0,4.38029333986
HARYANA,KARNAL,Wheat,2006-07,Rabi,166697.0,739000.0,4.43319315885
HARYANA,KURKSHETRA,Wheat,2006-07,Rabi,110285.0,514000.0,4.66065194723
HARYANA,MAHENDRA GARH,Wheat,2006-07,Rabi,43627.0,175000.0,4.01127741995
HARYANA,MEWAT,Wheat,2006-07,Rabi,93462.0,289000.0,3.0921658
HARYANA,PANCHKULA,Wheat,2006-07,Rabi,16848.0,40000.0,2.37416904084
HARYANA,PANIPAT,Wheat,2006-07,Rabi,81598.0,367000.0,4.49765925635
HARYANA,REWARI,Wheat,2006-07,Rabi,51682.0,207000.0,4.00526295422
HARYANA,ROHTAK,Wheat,2006-07,Rabi,94720.0,376000.0,3.96959459459
HARYANA,SIRSA,Wheat,2006-07,Rabi,258264.0,1183000.0,4.58058420841
HARYANA,SONEPAT,Wheat,2006-07,Rabi,140675.0,641000.0,4.55660209703
HARYANA,YAMUNA NAGAR,Wheat,2006-07,Rabi,71315.0,295000.0,4.13657715768
HARYANA,AMBALA,Wheat,2007-08,Rabi,82163.0,327000.0,3.97989362608
HARYANA,BHIWANI,Wheat,2007-08,Rabi,153151.0,519000.0,3.3888123486
HARYANA,FARIDABAD,Wheat,2007-08,Rabi,103867.0,485000.0,4.66943302493
HARYANA,FATEHABAD,Wheat,2007-08,Rabi,186730.0,869000.0,4.6537781824
HARYANA,GURGAON,Wheat,2007-08,Rabi,51105.0,200000.0,3.9135113981
HARYANA,HISSAR,Wheat,2007-08,Rabi,227049.0,890000.0,3.91985870891
HARYANA,JHAJJAR,Wheat,2007-08,Rabi,98762.0,388000.0,3.92863652012
HARYANA,JIND,Wheat,2007-08,Rabi,213402.0,893000.0,4.18459058491
HARYANA,KAITHAL,Wheat,2007-08,Rabi,173041.0,768000.0,4.43825451772
HARYANA,KARNAL,Wheat,2007-08,Rabi,168670.0,782000.0,4.63627201043
HARYANA,KURKSHETRA,Wheat,2007-08,Rabi,112261.0,534000.0,4.75677216487
HARYANA,MAHENDRA GARH,Wheat,2007-08,Rabi,46916.0,175000.0,3.73007076477
HARYANA,MEWAT,Wheat,2007-08,Rabi,98099.0,361000.0,3.67995596285
HARYANA,PANCHKULA,Wheat,2007-08,Rabi,15676.0,41000.0,2.61546312835
HARYANA,PANIPAT,Wheat,2007-08,Rabi,83945.0,368000.0,4.38382274108
HARYANA,REWARI,Wheat,2007-08,Rabi,50899.0,205000.0,4.02758403898
HARYANA,ROHTAK,Wheat,2007-08,Rabi,98690.0,347000.0,3.51606039112
HARYANA,SIRSA,Wheat,2007-08,Rabi,280596.0,1196000.0,4.26235584256
HARYANA,SONEPAT,Wheat,2007-08,Rabi,141206.0,605000.0,4.2845204878
HARYANA,YAMUNA NAGAR,Wheat,2007-08,Rabi,74452.0,279000.0,3.74738086284
HARYANA,AMBALA,Wheat,2008-09,Rabi,83629.0,309000.0,3.69489052841
HARYANA,BHIWANI,Wheat,2008-09,Rabi,151257.0,598000.0,3.9535360347
HARYANA,FARIDABAD,Wheat,2008-09,Rabi,33660.0,159000.0,4.72370766488
HARYANA,FATEHABAD,Wheat,2008-09,Rabi,185685.0,952000.0,5.12696232867
HARYANA,GURGAON,Wheat,2008-09,Rabi,48807.0,207000.0,4.24119491057
HARYANA,HISSAR,Wheat,2008-09,Rabi,223118.0,1077000.0,4.82704219292
HARYANA,JHAJJAR,Wheat,2008-09,Rabi,93716.0,409000.0,4.36424943446
HARYANA,JIND,Wheat,2008-09,Rabi,215214.0,1030000.0,4.78593400058
HARYANA,KAITHAL,Wheat,2008-09,Rabi,171933.0,832000.0,4.83909429836
HARYANA,KARNAL,Wheat,2008-09,Rabi,171983.0,791000.0,4.59929179047
HARYANA,KURKSHETRA,Wheat,2008-09,Rabi,115107.0,504000.0,4.37853475462
HARYANA,MAHENDRA GARH,Wheat,2008-09,Rabi,42601.0,201000.0,4.71819910331
HARYANA,MEWAT,Wheat,2008-09,Rabi,71445.0,271000.0,3.79312758066
HARYANA,PALWAL,Wheat,2008-09,Rabi,93263.0,466000.0,4.99662245478
HARYANA,PANCHKULA,Wheat,2008-09,Rabi,15511.0,39000.0,2.51434465863
HARYANA,PANIPAT,Wheat,2008-09,Rabi,87947.0,427000.0,4.85519687994
HARYANA,REWARI,Wheat,2008-09,Rabi,45797.0,208000.0,4.54178221281
HARYANA,ROHTAK,Wheat,2008-09,Rabi,103232.0,448000.0,4.33973961562
HARYANA,SIRSA,Wheat,2008-09,Rabi,279121.0,1394000.0,4.99424980564
HARYANA,SONEPAT,Wheat,2008-09,Rabi,143617.0,693000.0,4.8253340482
HARYANA,YAMUNA NAGAR,Wheat,2008-09,Rabi,84777.0,345000.0,4.06949998231
HARYANA,AMBALA,Wheat,2009-10,Rabi,86872.0,346000.0,3.98287135095
HARYANA,BHIWANI,Wheat,2009-10,Rabi,156606.0,561000.0,3.58223822842
HARYANA,FARIDABAD,Wheat,2009-10,Rabi,33850.0,136000.0,4.01772525849
HARYANA,FATEHABAD,Wheat,2009-10,Rabi,185806.0,842000.0,4.53160823655
HARYANA,GURGAON,Wheat,2009-10,Rabi,51610.0,227000.0,4.39837240845
HARYANA,HISSAR,Wheat,2009-10,Rabi,225178.0,931000.0,4.13450692341
HARYANA,JHAJJAR,Wheat,2009-10,Rabi,101063.0,417000.0,4.12613914093
HARYANA,JIND,Wheat,2009-10,Rabi,215241.0,934000.0,4.33932196933
HARYANA,KAITHAL,Wheat,2009-10,Rabi,171732.0,772000.0,4.4953765169
HARYANA,KARNAL,Wheat,2009-10,Rabi,171412.0,773000.0,4.50960259492
HARYANA,KURKSHETRA,Wheat,2009-10,Rabi,114204.0,526000.0,4.6057931421
HARYANA,MAHENDRA GARH,Wheat,2009-10,Rabi,40736.0,159000.0,3.90318146112
HARYANA,MEWAT,Wheat,2009-10,Rabi,73702.0,301000.0,4.08401400233
HARYANA,PALWAL,Wheat,2009-10,Rabi,98609.0,409000.0,4.14769442951
HARYANA,PANCHKULA,Wheat,2009-10,Rabi,15675.0,38000.0,2.42424242424
HARYANA,PANIPAT,Wheat,2009-10,Rabi,86736.0,387000.0,4.46181516325
HARYANA,REWARI,Wheat,2009-10,Rabi,48607.0,220000.0,4.52609706421
HARYANA,ROHTAK,Wheat,2009-10,Rabi,103726.0,422000.0,4.06841100592
HARYANA,SIRSA,Wheat,2009-10,Rabi,279213.0,1122000.0,4.01843753693
HARYANA,SONEPAT,Wheat,2009-10,Rabi,141427.0,610000.0,4.31317923735
HARYANA,YAMUNA NAGAR,Wheat,2009-10,Rabi,85751.0,355000.0,4.13989341232
HARYANA,AMBALA,Wheat,2010-11,Rabi,86795.0,314000.0,3.61771991474
HARYANA,BHIWANI,Wheat,2010-11,Rabi,158991.0,710000.0,4.46566157833
HARYANA,FARIDABAD,Wheat,2010-11,Rabi,31683.0,145000.0,4.57658681312
HARYANA,FATEHABAD,Wheat,2010-11,Rabi,186622.0,950000.0,5.09050379912
HARYANA,GURGAON,Wheat,2010-11,Rabi,50833.0,240000.0,4.72134243503
HARYANA,HISSAR,Wheat,2010-11,Rabi,221814.0,1026000.0,4.62549703806
HARYANA,JHAJJAR,Wheat,2010-11,Rabi,100978.0,455000.0,4.50593198518
HARYANA,JIND,Wheat,2010-11,Rabi,215854.0,982000.0,4.54937133433
HARYANA,KAITHAL,Wheat,2010-11,Rabi,177464.0,835000.0,4.70517964207
HARYANA,KARNAL,Wheat,2010-11,Rabi,170864.0,760000.0,4.44798202079
HARYANA,KURKSHETRA,Wheat,2010-11,Rabi,114241.0,510000.0,4.4642466365
HARYANA,MAHENDRA GARH,Wheat,2010-11,Rabi,46017.0,213000.0,4.62872416716
HARYANA,MEWAT,Wheat,2010-11,Rabi,72167.0,306000.0,4.24016517245
HARYANA,PALWAL,Wheat,2010-11,Rabi,97589.0,449000.0,4.60092838332
HARYANA,PANCHKULA,Wheat,2010-11,Rabi,16270.0,42000.0,2.58143822987
HARYANA,PANIPAT,Wheat,2010-11,Rabi,86569.0,399000.0,4.6090401876
HARYANA,REWARI,Wheat,2010-11,Rabi,50513.0,243000.0,4.81064280482
HARYANA,ROHTAK,Wheat,2010-11,Rabi,101635.0,464000.0,4.56535642249
HARYANA,SIRSA,Wheat,2010-11,Rabi,289967.0,1488000.0,5.13161842554
HARYANA,SONEPAT,Wheat,2010-11,Rabi,143694.0,669000.0,4.65572675268
HARYANA,YAMUNA NAGAR,Wheat,2010-11,Rabi,83403.0,378000.0,4.53221107154
HARYANA,AMBALA,Wheat,2011-12,Rabi,87061.0,423000.0,4.85866231723
HARYANA,BHIWANI,Wheat,2011-12,Rabi,151368.0,650000.0,4.29417049839
HARYANA,FARIDABAD,Wheat,2011-12,Rabi,30475.0,150000.0,4.92206726825
HARYANA,FATEHABAD,Wheat,2011-12,Rabi,189331.0,1034000.0,5.46133491082
HARYANA,GURGAON,Wheat,2011-12,Rabi,52388.0,258000.0,4.92479193708
HARYANA,HISSAR,Wheat,2011-12,Rabi,237072.0,1208000.0,5.09549841398
HARYANA,JHAJJAR,Wheat,2011-12,Rabi,98419.0,481000.0,4.88726770237
HARYANA,JIND,Wheat,2011-12,Rabi,216610.0,1136000.0,5.24444854808
HARYANA,KAITHAL,Wheat,2011-12,Rabi,173134.0,943000.0,5.44664826088
HARYANA,KARNAL,Wheat,2011-12,Rabi,171771.0,975000.0,5.67616186667
HARYANA,KURKSHETRA,Wheat,2011-12,Rabi,112004.0,609000.0,5.43730581051
HARYANA,MAHENDRA GARH,Wheat,2011-12,Rabi,41029.0,189000.0,4.60649784299
HARYANA,MEWAT,Wheat,2011-12,Rabi,71378.0,312000.0,4.37109473507
HARYANA,PALWAL,Wheat,2011-12,Rabi,99588.0,507000.0,5.09097481624
HARYANA,PANCHKULA,Wheat,2011-12,Rabi,15987.0,57000.0,3.56539688497
HARYANA,PANIPAT,Wheat,2011-12,Rabi,86807.0,483000.0,5.56406741392
HARYANA,REWARI,Wheat,2011-12,Rabi,48291.0,240000.0,4.96987016214
HARYANA,ROHTAK,Wheat,2011-12,Rabi,102483.0,512000.0,4.9959505479
HARYANA,SIRSA,Wheat,2011-12,Rabi,299053.0,1602000.0,5.35690997917
HARYANA,SONEPAT,Wheat,2011-12,Rabi,162264.0,894000.0,5.50954000887
HARYANA,YAMUNA NAGAR,Wheat,2011-12,Rabi,84789.0,456000.0,5.37805611577
