source_id,artifact_id,official_title,publisher,source_url,resource_url,retrieved_at,release_date,sha256,media_type,licence_or_terms,programme,geo_coverage,time_coverage,access_status,notes
SRC-CROP-01,art-0000,District-wise crop-wise season-wise year-wise agricultural production (area and production),data.gov.in (Open Government Data Platform),https://www.data.gov.in/,TBD,,,,text/csv,TBD,Agriculture,India (district level),TBD,unverified_candidate,Longitudinal crop series; enables yield = production/area checks, missing years, crop/district name drift
SRC-IRR-01,art-0000,District-wise irrigation statistics (Punjab long series 1968-2022),data.gov.in,https://www.data.gov.in/,TBD,,,,text/csv,TBD,Agriculture/Irrigation,Punjab district level,1968-2022,unverified_candidate,Check irrigation vs production relationship
SRC-IRR-02,art-0000,District-wise micro-irrigation programme beneficiaries 2019-20,data.gov.in,https://www.data.gov.in/,TBD,,,,text/csv,TBD,Agriculture (micro-irrigation),India (district level),2019-20,unverified_candidate,Per Drop More Crop beneficiary counts
SRC-IRR-03,art-0000,District-wise micro-irrigation programme beneficiaries 2020-21,data.gov.in,https://www.data.gov.in/,TBD,,,,text/csv,TBD,Agriculture (micro-irrigation),India (district level),2020-21,unverified_candidate,Sibling release of SRC-IRR-02; semantic drift candidate
SRC-MGN-01,art-0000,District-wise MGNREGA Data at a Glance,data.gov.in / Ministry of Rural Development,https://www.data.gov.in/,TBD,,,2026-05-15,,text/csv,TBD,Rural Development (MGNREGA),India (district level),FY-wise,unverified_candidate,High-value dataset; employment demanded vs provided vs person-days; semantic distinction candidate
SRC-PMK-01,art-0000,PM-KISAN district-wise beneficiary and amount paid,data.gov.in,https://www.data.gov.in/,TBD,,,2021-12-07,,text/csv,TBD,Agriculture (PM-KISAN),UP district level,as-on-2021-12-07,unverified_candidate,Benchmark linked (BDD-001/002/003 family); check instalment-wise coverage
SRC-PMK-02,art-0000,PM-KISAN beneficiary instalment datasets (Rajya Sabha response 2024-07-19),data.gov.in,https://www.data.gov.in/,TBD,,,,text/csv,TBD,Agriculture (PM-KISAN),India (district level),as-on-2024-07-19,unverified_candidate,Benchmark linked (BDD-004); registered vs eligible vs paid distinction
SRC-JAY-01,art-0000,AB-PMJAY beneficiary identification datasets,data.gov.in,https://www.data.gov.in/,TBD,,,,text/csv,TBD,Health (AB-PMJAY),India,as-on-TBD,unverified_candidate,Benchmark linked (BDD-005); stale SECC linkage candidate
SRC-JJM-01,art-0000,Jal Jeevan Mission district-wise rural household tap connections,State data portal (Punjab),TBD,TBD,,,,text/csv,TBD,Water (JJM),Punjab district level,TBD,unverified_candidate,Values reported in lakh in source; unit-normalization demo case
SRC-AIK-01,art-real-kcc-punjab,Kisan Call Centre dataset (farmer queries and responses),data.gov.in (Ministry of Agriculture and Farmers Welfare) via AIKosh catalogue,https://aikosh.indiaai.gov.in/home/datasets/details/kisan_call_centre_kcc_transcripts_of_farmers_queries_and_answers.html,https://api.data.gov.in/resource/cef25fe2-9231-4128-8aec-2c948fedd43f,2026-08-30T10:16:37Z,"2023 (5,000-row Punjab sample of a 47.9M-row live dataset)",4300eecab71775e38355cd5a8801f19c7b987dcd4cedf5b09f2506256e0fb0b9,text/csv,"Open Government License, India",Agriculture (KCC),India,TBD,verified_real,"Ingested end-to-end (fitness 98.9, grade A). No numeric metric column exists (only an id and calendar day/month), so 0 anomaly findings is the correct, honest result, not a gap. Confirmed real via BDD's own anomaly engine: before a fix, it wrongly flagged the id and calendar columns as anomalies (see pipelines.py _is_metric_column). Candidate for future text/topic-extraction analysis instead."
SRC-AIK-02,art-0000,Agro-ecological agro-climatic biogeographic zones (India),AIKosh catalogue,https://aikosh.gov.in/,TBD,,,,text/csv,TBD,Agriculture/Climate,India,TBD,unverified_candidate,Context layer: comparable-district selection for anomaly detection
SRC-AIK-03,art-0000,Agriculture Market Infrastructure dataset (post-harvest infrastructure),AIKosh catalogue,https://aikosh.gov.in/,TBD,,,,text/csv,TBD,Agriculture (AMI),India,TBD,unverified_candidate,Storage/warehouse/cold-storage; production-vs-capacity leads
SRC-EVC-01,art-0000,BhashaBench-Krishi (15,405 validated agricultural QA items),AIKosh catalogue,https://aikosh.gov.in/,TBD,,,,text/csv,TBD,Evaluation only,India,TBD,unverified_candidate,NOT an audited dataset; used to evaluate semantic capability of the selected model
