district,year,gross_enrollment_ratio
Gurdaspur,2019,108.27
Gurdaspur,2020,108.48
Gurdaspur,2021,114.32
Gurdaspur,2022,116.93
Pathankot,2019,77.72
Pathankot,2020,79.68
Pathankot,2021,84.3
Pathankot,2022,83.5
Amritsar,2019,99.96
Amritsar,2020,102.63
Amritsar,2021,108.68
Amritsar,2022,111.36
Tarn Taran,2019,89.51
Tarn Taran,2020,91.09
Tarn Taran,2021,96.77
Tarn Taran,2022,100.99
Kapurthala,2019,98.36
Kapurthala,2020,98.31
Kapurthala,2021,102.85
Kapurthala,2022,103.51
Jalandhar,2019,102.48
Jalandhar,2020,103.44
Jalandhar,2021,107.59
Jalandhar,2022,109.47
SBS Nagar,2019,93.96
SBS Nagar,2020,94.39
SBS Nagar,2021,98.66
SBS Nagar,2022,100.23
Hoshiarpur,2019,90.97
Hoshiarpur,2020,92.2
Hoshiarpur,2021,98.18
Hoshiarpur,2022,102.01
Roopnagar,2019,92.69
Roopnagar,2020,92.61
Roopnagar,2021,100.61
Roopnagar,2022,103.01
SAS Nagar,2019,101.78
SAS Nagar,2020,110.04
SAS Nagar,2021,124.09
SAS Nagar,2022,127.77
Ludhiana,2019,114.07
Ludhiana,2020,118.42
Ludhiana,2021,125.56
Ludhiana,2022,126.35
Firozpur,2019,103.15
Firozpur,2020,103.36
Firozpur,2021,111.84
Firozpur,2022,115.51
Fazilka,2019,80.89
Fazilka,2020,83.2
Fazilka,2021,91.05
Fazilka,2022,93.01
Faridkot,2019,101.43
Faridkot,2020,99.36
Faridkot,2021,103.69
Faridkot,2022,106.93
Shri Muktsar Sahib,2019,93.33
Shri Muktsar Sahib,2020,95.27
Shri Muktsar Sahib,2021,101.15
Shri Muktsar Sahib,2022,103.28
Moga,2019,92.62
Moga,2020,92.07
Moga,2021,94.85
Moga,2022,99.71
Bathinda,2019,99.54
Bathinda,2020,100.01
Bathinda,2021,107.77
Bathinda,2022,110.64
Mansa,2019,94.43
Mansa,2020,93.81
Mansa,2021,98.04
Mansa,2022,99.38
Sangrur,2019,93.8
Sangrur,2020,95.54
Sangrur,2021,100.34
Sangrur,2022,100.01
Barnala,2019,95.57
Barnala,2020,93.17
Barnala,2021,97.48
Barnala,2022,97.34
Patiala,2019,103.59
Patiala,2020,105.17
Patiala,2021,109.76
Patiala,2022,108.1
Fatehgarh Sahib,2019,92.35
Fatehgarh Sahib,2020,94.18
Fatehgarh Sahib,2021,101.18
Fatehgarh Sahib,2022,100.54
Malerkotla,2022,101.14
